CME,Crude Oil,USD,1000,100,0.01,51,N-CRU
CME,GbxEurodlr,USD,2500,10000,0.0025,51,GE
CME,mini S&P,USD,10,100,0.25,51,ES
CME,miniNASDAQ,USD,20,100,0.5,51,NQ
CME_E$,GE,USD,2500,10000,0.0025,51,GE
CME_E$,GE0,USD,2500,10000,0.0025,51,GE0
CME_E$,GE2,USD,2500,10000,0.0025,51,GE2
CME_E$,GE5,USD,2500,10000,0.0025,51,GE5
Currenex,EURGBP,GBP,1,10000,0.0001,51,B-EG
Currenex,EURUSD,USD,1,10000,0.0001,51,B-EU
Currenex,GBPUSD,USD,1,10000,0.0001,51,B-GU
Currenex,USDJPY,USD,1,100,0.01,51,B-UJ
DGCX,GOLD,USD,32,10,.1,51,DG
DGCX,SILVER,USD,32,10,.1,51,DE
DME,OMAN OIL,USD,1000,100,.01,51,OQ
eCBOT,100oz GOLD,USD,100,10,0.1,51,C-YG
eCBOT,Corn,USD,5000,10000,0.0025,51,C-ZC
eCBOT,mini dow,USD,5,1,1,51,F-YJ
eCBOT,Mini Gold,USD,10,10,0.1,51,
eCBOT,Mini Silver,USD,10,1000,0.001,51,
eCBOT,Silver,USD,10,1000,0.001,51,
eCBOT,SoyaMeal,USD,5000,1000,0.1,51,C-ZM
eCBOT,SoyaOil,USD,5000,1000,0.01,51,C-ZL
eCBOT,Soybeans,USD,5000,10000,0.0025,51,F-YK
eCBOT,TBond 30,USD,1000,32,0.01,51,F-ZB
eCBOT,TNote 10,USD,5000,320,0.005,51,F-ZN
eCBOT,TNote 2,USD,50000,3200,0.0025,51,F-ZT
eCBOT,TNote 5,USD,5000,320,0.005,51,F-ZF
ENextVF,AEX,EUR,200,100,0.05,51,EA
ENextVF,VF-CAC40,EUR,10,10,0.5,51,EAFC
ENextVF,VF-NOT,EUR,1000,100,0.01,51,EAFN
EUREX,Bobl,EUR,1000,100,0.01,51,GBL
EUREX,Bund,EUR,1000,100,0.01,51,GBM
EUREX,DAX,EUR,40,10,0.5,51,ED
EUREX,Schatz,EUR,1000,100,0.01,51,GBS
HotSpot,EURGBP,GBP,1,10000,0.0001,51,H-EG
HotSpot,EURUSD,USD,1,10000,0.0001,51,H-EU
HotSpot,GBPUSD,USD,1,10000,0.0001,51,H-GU
HotSpot,USDJPY,USD,1,100,0.01,51,H-UJ
IDEM,MIB,EUR,100,10,1,51,MIB30
IDEM,Mini FIB,EUR,1,10,1,51,MFIB
IPE,BrentCrude,GBP,100,100,0.01,51,IP
IPE,Gasoil,GBP,25,100,0.25,51,IG
LIFFE,AZN,GBP,0.58,2,0.1,51,L-AZN
LIFFE,Barley,USD,100,100,0.05,51,L-BAR
LIFFE,BPA,GBP,0.58,2,0.1,51,L-BPA
LIFFE,CGE,EUR,32.125,100,0.01,51,L-CGE
LIFFE,Cocoa,USD,1,1,1,51,X-C
LIFFE,Coffee,USD,1,1,1,51,X-D
LIFFE,CSC,USD,32.125,100,0.01,51,L-CSC
LIFFE,DBK,EUR,32.125,100,0.01,51,L-DBK
LIFFE,DTE,EUR,32.125,100,0.01,51,L-DTE
LIFFE,EURIBOR,EUR,2500,1000,0.005,51,L-I
LIFFE,FTSE,GBP,10,10,0.5,51,O-ESX
LIFFE,GXW,GBP,0.58,2,0.1,51,L-GXW
LIFFE,HSBC,GBP,0.58,2,0.1,51,L-HSBC
LIFFE,Long GILT,GBP,1000,100,0.01,51,L-R
LIFFE,MRK,EUR,32.125,100,0.01,51,L-MRK
LIFFE,NOK,EUR,32.125,100,0.01,51,L-NOK
LIFFE,RD,EUR,32.125,100,0.01,51,L-RD
LIFFE,SH ST,GBP,1250,100,0.01,51,L-L
LIFFE,Sugar,USD,1,10,0.1,51,X-W
LIFFE,VOF,GBP,2.9,2,0.1,51,L-VOF
LIFFE,Wheat,USD,100,100,0.05,51,X-T
LIFFE,XOM,USD,32.125,100,0.01,51,L-XOM
LME,AHD,USD,1,1,1,51,L-AHD
LME,CAD,USD,1,1,1,51,L-CAD
LME,MAD,USD,5,100,0.25,51,MAD
LME,MCD,USD,5,100,0.25,51,MCD
LME,MZD,USD,5,100,.25,51,MZD
MEFF,BBVA,EUR,100,100,0.01,51,BB***
MEFF,BONO10,EUR,1000,100,0.01,51,M1 E
MEFF,ENDESA,EUR,100,100,0.01,51,25
MEFF,IBEX-35,EUR,10,1,1,51,IX***
MEFF,REPSOL,EUR,100,100,0.01,51,RE***
MEFF,TELEFONICA,EUR,100,100,0.01,51,TE***
Montreal,BAX - 3MF,USD,2500,1000,0.005,51,MBAX
Montreal,CGB,USD,1000,100,0.05,51,MCGB
Nymex,Crude Oil,USD,1000,100,0.01,51,N-CRU
Nymex,Heatin Oil,USD,420,10000,0.0001,51,N-HEA
Nymex,Unld Gaso,USD,42000,100,0.01,51,N-UNL
OneChicago,AT&T,USD,100,100,0.01,51,O-AT
OneChicago,Dell,USD,100,100,0.01,51,O-DE
OneChicago,Intel,USD,100,100,0.01,51,O-IN
OneChicago,Wal-Mart,USD,100,100,0.01,51,O-WA
OSE,Nikkei255,YEN,10000,1,10,51,O-NEK
SFE,10Yr Bond,AUD,8800,1000,0.005,51,S_XT
SFE,3Yr Bond,AUD,2800,100,0.01,51,S_YT
SFE,90Dy Bills,AUD,2400,100,0.01,51,S_IR
SFE,SPI Index,AUD,25,10,1,51,S_AP
SGX-ETS,Nikkei 225,YEN,2500,1,5,51,NK
SGX-ETS,SIMSCI,YEN,20,1,1,51,SIM
SGX-ETS,STI,YEN,10,1,1,51,STI
SGX-ETS,TIMSCI,YEN,10,1,1,51,TIM
TIFFE,Euroyen,YEN,250000,1000,0.005,51,T-EY
TOCOM,ALI,YEN,1,1,1,51,T-ALI
TOCOM,Gold,YEN,1,1,1,51,T-GOLD
TOCOM,Silver,YEN,10,10,0.1,51,T-SILV
TSE,JGB,YEN,1000000,100,0.01,51,T-JGB
TSE,Topix,YEN,10000,10,0.5,51,*******05
